name,type,description,n,reference,A,R,N,D,C,Q,E,G,H,I,L,K,M,F,P,S,T,W,Y,V
hphil01,hydrophilicity,Molar fraction (%) of 3220 accessible residues,22,Janin J. Nature 277:491-492(1979).,6.6,4.5,6.7,7.7,0.9,5.2,5.7,6.7,2.5,2.8,4.8,10.3,1,2.4,4.8,9.4,7,1.4,5.1,4.5
hphil02,hydrophilicity,Hydrophilicity,23,Hopp T.P. Woods K.R. Proc. Natl. Acad. Sci. U.S.A. 78:3824-3828(1981).,-0.5,3,0.2,3,-1,0.2,3,0,-0.5,-1.8,-1.8,3,-1.3,-2.5,0,0.3,-0.4,-3.4,-2.3,-1.5
hphil03,hydrophilicity,Hydrophilicity scale derived from HPLC peptide retention times,,Parker J.M.R. Guo D. Hodges R.S. Biochemistry 25:5425-5431(1986).,2.1,4.2,7,10,1.4,6,7.8,5.7,2.1,-8,-9.2,5.7,-4.2,-9.2,2.1,6.5,5.2,-10,-1.9,-3.7
hphob01,hydrophobicity,Proportion of residues 95% buried (in 12 proteins),5,Chothia C. J. Mol. Biol. 105:1-14(1976).,0.38,0.01,0.12,0.15,0.5,0.07,0.18,0.36,0.17,0.6,0.45,0.03,0.4,0.5,0.18,0.22,0.23,0.27,0.15,0.54
hphob02,hydrophobicity,Molar fraction (%) of 2001 buried residues,6,Janin J. Nature 277:491-492(1979).,11.2,0.5,2.9,2.9,4.1,1.6,1.8,11.8,2,8.6,11.7,0.5,1.9,5.1,2.7,8,4.9,2.2,2.6,12.9
hphob03,hydrophobicity,Mean fractional area loss (f) [average area buried/standard state area],7,Rose G.D. Geselowitz A.R. Lesser G.J. Lee R.H. Zehfus M.H. Science 229:834-838(1985).,0.74,0.64,0.63,0.62,0.91,0.62,0.62,0.72,0.78,0.88,0.85,0.52,0.85,0.88,0.64,0.66,0.7,0.85,0.76,0.86
hphob04,hydrophobicity,Average area buried on transfer from standard state to folded protein,8,Rose G.D. Geselowitz A.R. Lesser G.J. Lee R.H. Zehfus M.H. Science 229:834-838(1985).,86.6,162.2,103.3,97.8,132.3,119.2,113.9,62.9,155.8,158,164.1,115.5,172.9,194.1,92.9,85.6,106.5,224.6,177.7,141
hphob05,hydrophobicity,Hydrophobicity (delta G1/2 cal),9,Abraham D.J. Leo A.J. Proteins: Structure Function and Genetics 2:130-152(1987).,0.44,-2.42,-1.32,-0.31,0.58,-0.71,-0.34,0,-0.01,2.46,2.46,-2.45,1.1,2.54,1.29,-0.84,-0.41,2.56,1.63,1.73
hphob06,hydrophobicity,Hydrophobicity (free energy of transfer to surface in kcal/mole),10,Bull H.B. Breese K. Arch. Biochem. Biophys. 161:665-670(1974).,0.61,0.69,0.89,0.61,0.36,0.97,0.51,0.81,0.69,-1.45,-1.65,0.46,-0.66,-1.52,-0.17,0.42,0.29,-1.2,-1.43,-0.75
hphob07,hydrophobicity,Normalized consensus hydrophobicity scale,11,Eisenberg D. Schwarz E. Komarony M. Wall R. J. Mol. Biol. 179:125-142(1984).,0.62,-2.53,-0.78,-0.9,0.29,-0.85,-0.74,0.48,-0.4,1.38,1.06,-1.5,0.64,1.19,0.12,-0.18,-0.05,0.81,0.26,1.08
hphob08,hydrophobicity,Hydrophobicity scale (pi-r),12,Fauchere J.-L. Pliska V.E. Eur. J. Med. Chem. 18:369-375(1983).,0.31,-1.01,-0.6,-0.77,1.54,-0.22,-0.64,0,0.13,1.8,1.7,-0.99,1.23,1.79,0.72,-0.04,0.26,2.25,0.96,1.22
hphob09,hydrophobicity,Hydrophobicity scale based on free energy of transfer (kcal/mole),13,Guy H.R. Biophys J. 47:61-70(1985).,0.1,1.91,0.48,0.78,-1.42,0.95,0.83,0.33,-0.5,-1.13,-1.18,1.4,-1.59,-2.12,0.73,0.52,0.07,-0.51,-0.21,-1.27
hphob10,hydrophobicity,Free energy of transfer from inside to outside of a globular protein,15,Janin J. Nature 277:491-492(1979).,0.3,-1.4,-0.5,-0.6,0.9,-0.7,-0.7,0.3,-0.1,0.7,0.5,-1.8,0.4,0.5,-0.3,-0.1,-0.2,0.3,-0.4,0.6
hphob11,hydrophobicity,Hydropathicity,16,Kyte J. Doolittle R.F. J. Mol. Biol. 157:105-132(1982).,1.8,-4.5,-3.5,-3.5,2.5,-3.5,-3.5,-0.4,-3.2,4.5,3.8,-3.9,1.9,2.8,-1.6,-0.8,-0.7,-0.9,-1.3,4.2
hphob12,hydrophobicity,Average surrounding hydrophobicity,17,Manavalan P. Ponnuswamy P.K. Nature 275:673-674(1978).,12.97,11.72,11.42,10.85,14.63,11.76,11.89,12.43,12.16,15.67,14.9,11.36,14.39,14,11.37,11.23,11.69,13.93,13.42,15.71
hphob13,hydrophobicity,Hydrophobicity scale (contact energy derived from 3D data),18,Miyazawa S. Jernigen R.L. Macromolecules 18:534-552(1985).,5.33,4.18,3.71,3.59,7.93,3.87,3.65,4.48,5.1,8.83,8.47,2.95,8.95,9.03,3.87,4.09,4.49,7.66,5.89,7.63
hphob14,hydrophobicity,Hydrophobicity scale (pi-r),19,Roseman M.A. J. Mol. Biol. 200:513-522(1988).,0.39,-3.95,-1.91,-3.81,0.25,-1.3,-2.91,0,-0.64,1.82,1.82,-2.77,0.96,2.27,0.99,-1.24,-1,2.13,1.47,1.3
hphob15,hydrophobicity,Optimized matching hydrophobicity (OMH),20,Sweet R.M. Eisenberg D. J. Mol. Biol. 171:479-488(1983).,-0.4,-0.59,-0.92,-1.31,0.17,-0.91,-1.22,-0.67,-0.64,1.25,1.22,-0.67,1.02,1.92,-0.49,-0.55,-0.28,0.5,1.67,0.91
hphob16,hydrophobicity,Hydration potential (kcal/mole) at 25C,21,Wolfenden R.V. Andersson L. Cullis P.M. Southgate C.C.F. Biochemistry 20:849-855(1981).,1.94,-19.92,-9.68,-10.95,-1.24,-9.38,-10.2,2.39,-10.27,2.15,2.28,-9.52,-1.48,-0.76,0,-5.06,-4.88,-5.88,-6.11,1.99
hphob17,hydrophobicity,Hydrophobicity of physiological L-alpha amino acids,,Black S.D. Mould D.R. Anal. Biochem. 193:72-82(1991).,0.616,0,0.236,0.028,0.68,0.251,0.043,0.501,0.165,0.943,0.943,0.283,0.738,1,0.711,0.359,0.45,0.878,0.88,0.825
hphob18,hydrophobicity,Hydrophobicity indices at ph 3.4 determined by HPLC,,Cowan R. Whittaker R.G. Peptide Research 3:75-80(1990).,0.42,-1.56,-1.03,-0.51,0.84,-0.96,-0.37,0,-2.28,1.81,1.8,-2.03,1.18,1.74,0.86,-0.64,-0.26,1.46,0.51,1.34
hphob19,hydrophobicity,Hydrophobicity indices at ph 7.5 determined by HPLC,,Cowan R. Whittaker R.G. Peptide Research 3:75-80(1990).,0.35,-1.5,-0.99,-2.15,0.76,-0.93,-1.95,0,-0.65,1.83,1.8,-1.54,1.1,1.69,0.84,-0.63,-0.27,1.35,0.39,1.32
hphob20,hydrophobicity,Hydrophobicity scale (Contribution of hydrophobic interactions to the stability of the globular conformation of proteins),,Tanford C. J. Am. Chem. Soc. 84:4240-4274(1962).,0.62,-2.53,-0.78,-0.09,0.29,-0.85,-0.74,0.48,-0.4,1.38,1.53,-1.5,0.64,1.19,0.12,-0.18,-0.05,0.81,0.26,1.8
hphob21,hydrophobicity,Hydrophobic constants derived from HPLC peptide retention times,,Wilson K.J. Honegger A. Stotzel R.P. Hughes G.J. Biochem. J. 199:31-41(1981).,-0.3,-1.1,-0.2,-1.4,6.3,-0.2,0,1.2,-1.3,4.3,6.6,-3.6,2.5,7.5,2.2,-0.6,-2.2,7.9,7.1,5.9
misc01,misc,Polarity,34,Zimmerman J.M. Eliezer N. Simha R. J. Theor. Biol. 21:170-201(1968).,0,52,3.38,49.7,1.48,3.53,49.9,0,51.6,0.13,0.13,49.5,1.43,0.35,1.58,1.67,1.66,2.1,1.61,0.13
misc02,misc,Polarity (p),35,Grantham R. Science 185:862-864(1974).,8.1,10.5,11.6,13,5.5,10.5,12.3,9,10.4,5.2,4.9,11.3,5.7,5.2,8,9.2,8.6,5.4,6.2,5.9
misc03,misc,Refractivity,36,Jones. D.D. J. Theor. Biol. 50:167-184(1975).,4.34,26.66,13.28,12,35.77,17.56,17.26,0,21.81,19.06,18.78,21.29,21.64,29.4,10.93,6.35,11.01,42.53,31.53,13.92
misc04,misc,Recognition factors,39,Fraga S. Can. J. Chem. 60:2606-2610(1982).,78,95,94,81,89,87,78,84,84,88,85,87,80,81,91,107,93,104,84,89
misc05,misc,Antigenicity value X 10,41,Welling G.W. Weijer W.J. Van der Zee R. Welling-Wester S. FEBS Lett. 188:215-218(1985).,1.15,0.58,-0.77,0.65,-1.2,-0.11,-0.71,-1.84,3.12,-2.92,0.75,2.06,-3.85,-1.41,-0.53,-0.26,-0.45,-1.14,0.13,-0.13
misc06,misc,Average flexibility index,37,Bhaskaran R. Ponnuswamy P.K. Int. J. Pept. Protein. Res. 32:242-255(1988).,0.36,0.53,0.46,0.51,0.35,0.49,0.5,0.54,0.32,0.46,0.37,0.47,0.3,0.31,0.51,0.51,0.44,0.31,0.42,0.39
misc07,misc,Retention coefficient in HFBA,,Browne C.A. Bennett H.P.J. Solomon S. Anal. Biochem. 124:201-208(1982).,3.9,3.2,-2.8,-2.8,-14.3,1.8,-7.5,-2.3,2,11,15,-2.5,4.1,14.7,5.6,-3.5,1.1,17.8,3.8,2.1
misc08,misc,Retention coefficient in TFA,,Browne C.A. Bennett H.P.J. Solomon S. Anal. Biochem. 124:201-208(1982).,7.3,-3.6,-5.7,-2.9,-9.2,-0.3,-7.1,-1.2,-2.1,6.6,20,-3.7,5.6,19.2,5.1,-4.1,0.8,16.3,5.9,3.5
misc09,misc,Relative mutability of amino acids (Ala=100),,"Dayhoff M.O. Schwartz R.M. Orcutt B.C. In ""Atlas of Protein Sequence and Structure"" Vol.5 Suppl.3 (1978).",100,65,134,106,20,93,102,49,66,96,40,56,94,41,56,120,97,18,41,74
misc10,misc,Retention coefficient in HPLC pH 2.1,,Meek J.L. Proc. Natl. Acad. Sci. USA 77:1632-1636(1980).,-0.1,-4.5,-1.6,-2.8,-2.2,-2.5,-7.5,-0.5,0.8,11.8,10,-3.2,7.1,13.9,8,-3.7,1.5,18.1,8.2,3.3
misc11,misc,Retention coefficient in HPLC pH 7.4,,Meek J.L. Proc. Natl. Acad. Sci. USA 77:1632-1636(1980).,0.5,0.8,0.8,-8.2,-6.8,-4.8,-16.9,0,-3.5,13.9,8.8,0.1,4.8,13.2,6.1,1.2,2.7,14.9,6.1,2.7
misc12,misc,Transmembrane tendency,,Zhao G. London E. Protein Sci. 15:1987-2001(2006).,0.38,-2.57,-1.62,-3.27,-0.3,-1.84,-2.9,-0.19,-1.44,1.97,1.82,-3.46,1.4,1.98,-1.44,-0.53,-0.32,1.53,0.49,1.46
misc13,misc,"Normalized flexibility parameters (B-values), average ",,"Vihinen M., Torkkila E., Riikonen P. Proteins. 19(2):141-9(1994)",-0.5,3,0.2,3,-1,0.2,3,0,-0.5,-1.8,-1.8,3,-1.3,-2.5,0,0.3,-0.4,-3.4,-2.3,-1.5
misc14,misc,Emini Surface fractional probability ,,"Vergoten G & Theophanides T, Biomolecular Structure and Dynamics, pg138 (1997)",0.815,1.475,1.296,1.283,0.394,1.348,1.445,0.714,1.18,0.603,0.603,1.545,0.714,0.695,1.236,1.115,1.184,0.808,1.089,0.606
misc15,misc,Janin Interior to surface transfer energy scale ,,"Vergoten G & Theophanides T, Biomolecular Structure and Dynamics, pg138 (1997)",0.28,-1.14,-0.55,-0.52,0.97,-0.69,-1.01,0.43,-0.31,0.6,0.6,-1.62,0.43,0.46,-0.42,-0.19,-0.32,0.29,-0.15,0.6
size01,size,Molecular weight of each amino acid,1,- Most textbooks.,89,174,132,133,121,146,147,75,155,131,131,146,149,165,115,105,119,204,181,117
size02,size,Atomic weight ratio of hetero elements in end group to C in side chain,40,Grantham R. Science 185:862-864(1974).,0,0.65,1.33,1.38,2.75,0.89,0.92,0.74,0.58,0,0,0.33,0,0,0.39,1.42,0.71,0.13,0.2,0
size03,size,Mobilities of amino acids on chromatography paper (RF),,Aboderin A.A. Int. J. Biochem. 2:537-544(1971).,5.1,2,0.6,0.7,0,1.4,1.8,4.1,1.6,9.3,10,1.3,8.7,9.6,4.9,3.1,3.5,9.2,8,8.5
size04,size,Bulkiness,,Zimmerman J.M. Eliezer N. Simha R. J. Theor. Biol. 21:170-201(1968).,11.5,14.28,12.82,11.68,13.46,14.45,13.57,3.4,13.69,21.4,21.4,15.71,16.25,19.8,17.43,9.47,15.77,21.67,18.03,21.57
struct01,structure,Conformational parameter for alpha helix (computed from 29 proteins),24,Chou P.Y. Fasman G.D. Adv. Enzym. 47:45-148(1978).,1.42,0.98,0.67,1.01,0.7,1.11,1.51,0.57,1,1.08,1.21,1.16,1.45,1.13,0.57,0.77,0.83,1.08,0.69,1.06
struct02,structure,Conformational parameter for beta-sheet (computed from 29 proteins),25,Chou P.Y. Fasman G.D. Adv. Enzym. 47:45-148(1978).,0.83,0.93,0.89,0.54,1.19,1.1,0.37,0.75,0.87,1.6,1.3,0.74,1.05,1.38,0.55,0.75,1.19,1.37,1.47,1.7
struct03,structure,Conformational parameter for beta-turn (computed from 29 proteins),26,Chou P.Y. Fasman G.D. Adv. Enzym. 47:45-148(1978).,0.66,0.95,1.56,1.46,1.19,0.98,0.74,1.56,0.95,0.47,0.59,1.01,0.6,0.6,1.52,1.43,0.96,0.96,1.14,0.5
struct04,structure,Conformational parameter for alpha helix,27,Deleage G. Roux B. Protein Engineering 1:289-294(1987).,1.489,1.224,0.772,0.924,0.966,1.164,1.504,0.51,1.003,1.003,1.236,1.172,1.363,1.195,0.492,0.739,0.785,1.09,0.787,0.99
struct05,structure,Conformational parameter for beta-sheet,28,Deleage G. Roux B. Protein Engineering 1:289-294(1987).,0.709,0.92,0.604,0.541,1.191,0.84,0.567,0.657,0.863,1.799,1.261,0.721,1.21,1.393,0.354,0.928,1.221,1.306,1.266,1.965
struct06,structure,Conformational parameter for beta-turn,29,Deleage G. Roux B. Protein Engineering 1:289-294(1987).,0.788,0.912,1.572,1.197,0.965,0.997,1.149,1.86,0.97,0.24,0.67,1.302,0.436,0.624,1.415,1.316,0.739,0.546,0.795,0.387
struct07,structure,Conformational parameter for coil,30,Deleage G. Roux B. Protein Engineering 1:289-294(1987).,0.824,0.893,1.167,1.197,0.953,0.947,0.761,1.251,1.068,0.886,0.81,0.897,0.81,0.797,1.54,1.13,1.148,0.941,1.109,0.772
struct08,structure,Normalized frequency for alpha helix,31,Levitt M. Biochemistry 17:4277-4285(1978).,1.29,0.96,0.9,1.04,1.11,1.27,1.44,0.56,1.22,0.97,1.3,1.23,1.47,1.07,0.52,0.82,0.82,0.99,0.72,0.91
struct09,structure,Normalized frequency for beta-sheet,32,Levitt M. Biochemistry 17:4277-4285(1978).,0.9,0.99,0.76,0.72,0.74,0.8,0.75,0.92,1.08,1.45,1.02,0.77,0.97,1.32,0.64,0.95,1.21,1.14,1.25,1.49
struct10,structure,Normalized frequency for beta-turn,33,Levitt M. Biochemistry 17:4277-4285(1978).,0.77,0.88,1.28,1.41,0.81,0.98,0.99,1.64,0.68,0.51,0.58,0.96,0.41,0.59,1.91,1.32,1.04,0.76,1.05,0.47
struct11,structure,Conformational preference for antiparallel beta strand,,Lifson S. Sander C. Nature 282:109-111(1979).,0.9,1.02,0.62,0.47,1.24,1.18,0.62,0.56,1.12,1.54,1.26,0.74,1.09,1.23,0.42,0.87,1.3,1.75,1.68,1.53
struct12,structure,Conformational preference for parallel beta strand,,Lifson S. Sander C. Nature 282:109-111(1979).,1,0.68,0.54,0.5,0.91,0.28,0.59,0.79,0.38,2.6,1.42,0.59,1.49,1.3,0.35,0.7,0.59,0.89,1.08,2.63
struct13,structure,Conformational preference for total beta strand (antiparallel+parallel),,Lifson S. Sander C. Nature 282:109-111(1979).,0.92,0.93,0.6,0.48,1.16,0.95,0.61,0.61,0.93,1.81,1.3,0.7,1.19,1.25,0.4,0.82,1.12,1.54,1.53,1.81
struct14,structure,Membrane buried helix parameter,,Rao M.J.K. Argos P. Biochim. Biophys. Acta 869:197-214(1986).,1.36,0.15,0.33,0.11,1.27,0.33,0.25,1.09,0.68,1.44,1.47,0.09,1.42,1.57,0.54,0.97,1.08,1,0.83,1.37
